CREATE TABLE
films (
    f_name VARCHAR (355),
    f_id serial PRIMARY KEY,
    country VARCHAR (355),
    fees$ numeric,
    yearf int4
);

INSERT INTO
    films
VALUES
    ('Малхолланд Драйв', 100 , 'Франция, США', 20112339, 2001),
    ('Богемская рапсодия', 101, 'Великобритания, США', 802151458, 2018),
    ('Лето', 102, 'Россия', 1442228, 2018),
    ('Три билборда на границе Эббинга, Миссури', 103, 'Великобритания, США', 159210164, 2017),
    ('Нелюбовь', 104, 'Россия', 2226681 , 2017);

CREATE TABLE
persons (
    p_id serial PRIMARY KEY,
    p_name VARCHAR (355)
);

INSERT INTO
    persons
VALUES
    (1000 , 'Дэвид Линч'),
    (2001 , 'Брайан Сингер'),
    (2002 , 'Энтони МакКартен'),
    (2003 , 'Питер Морган'),
    (3000 , 'Кирилл Серебренников'),
    (3001 , 'Михаил Идов'),
    (3002 , 'Лили Идова'),
    (4000 , 'Мартин МакДона'),
    (5000 , 'Андрей Звягинцев'),
    (5001 , 'Олег Негин');

CREATE TABLE
persons2content (
    pc_id serial PRIMARY KEY,
    p_id INTEGER,
    f_id INTEGER,
    typework VARCHAR (100),
    FOREIGN KEY (p_id) REFERENCES persons (p_id),
    FOREIGN KEY (f_id) REFERENCES films (f_id)
);

INSERT INTO
    persons2content
VALUES
    (10 , 1000, 100, 'режиссер'),
    (11 , 1000, 100, 'сценарист'),
    (20 , 2001, 101, 'режиссер'),
    (21 , 2002, 101, 'сценарист'),
    (22 , 2003, 101, 'сценарист'),
    (30 , 3000, 102, 'режиссер'),
    (31 , 3000, 102, 'сценарист'),
    (32 , 3001, 102, 'сценарист'),
    (33 , 3002, 102, 'сценарист'),
    (40 , 4000, 103, 'режиссер'),
    (41 , 4000, 103, 'сценарист'),
    (50 , 5000, 104, 'режиссер'),
    (51 , 5000, 104, 'сценарист'),
    (52 , 5001, 104, 'сценарист');
